ticker,start_date,end_date
AA,2022-01-01,
AAI,2012-12-01,2013-09-01
AAL,2024-10-01,
AAN,2012-12-01,2021-01-01
AAON,2024-06-01,
AAP,2012-12-01,2016-12-01
AAXN,2019-10-01,2021-04-01
ABMD,2016-12-01,2018-08-01
ACC,2013-11-01,2022-09-01
ACHC,2017-05-01,2025-11-01
ACI,2012-12-01,2015-06-01
ACI,2025-04-01,
ACIW,2012-12-01,2023-12-01
ACM,2012-12-01,2015-06-01
ACM,2015-07-01,
ACV,2012-12-01,2013-09-01
ACXM,2012-12-01,2018-12-01
ADC,2023-03-01,
ADNT,2018-09-01,2024-10-01
ADS,2012-12-01,2015-06-01
ADS,2021-01-01,2022-05-01
ADTN,2012-12-01,2015-06-01
ADVS,2012-12-01,2016-12-01
AEIS,2026-02-01,
AEO,2012-12-01,2022-10-01
AF,2012-12-01,2015-06-01
AFG,2012-12-01,
AGCO,2012-12-01,
AGL,2012-12-01,2013-02-01
AHL,2013-09-01,2019-10-01
AHR,2026-02-01,
AINV,2012-12-01,2015-06-01
AIRC,2021-01-01,2024-07-01
AIT,2024-04-01,
AJG,2012-12-01,2016-12-01
AKRX,2015-06-01,2020-01-01
AKRX,2020-11-01,2021-01-01
ALB,2012-12-01,2016-12-01
ALE,2018-04-01,2026-01-01
ALEX,2012-12-01,2020-12-01
ALGM,2023-01-01,
ALGN,2015-06-01,2017-08-01
ALK,2012-12-01,2016-12-01
ALK,2025-04-01,
ALLY,2023-11-01,
ALSN,2026-08-01,
ALTM,2024-02-01,2025-04-01
ALTR,2024-07-01,2025-04-01
ALV,2023-04-01,
AM,2012-12-01,2013-09-01
AM,2019-11-01,
AMB,2012-12-01,2013-11-01
AMCX,2013-11-01,2021-01-01
AMD,2013-11-01,2017-04-01
AME,2012-12-01,2013-12-01
AMED,2019-10-01,2025-09-01
AMG,2012-12-01,2015-06-01
AMG,2020-11-01,
AMH,2024-04-01,
AMKR,2021-04-01,
AN,2017-09-01,
ANF,2015-06-01,2017-01-01
ANF,2024-08-01,
ANN,2012-12-01,2017-01-01
ANR,2013-09-01,2015-06-01
ANSS,2012-12-01,2017-08-01
AOL,2012-12-01,2017-01-01
AOS,2015-06-01,2017-09-01
APG,2025-07-01,
APOL,2013-11-01,2017-01-01
APPF,2024-04-01,
APPS,2021-10-01,2022-07-01
APY,2018-07-01,2021-02-01
AR,2022-11-01,
ARE,2012-12-01,2017-04-01
ARMK,2023-04-01,
ARO,2012-12-01,2015-06-01
ARRS,2015-06-01,2019-10-01
ARW,2012-12-01,
ARWR,2020-11-01,2025-02-01
ARWR,2026-03-01,
ASB,2015-06-01,
ASBC,2012-12-01,2015-06-01
ASGN,2018-11-01,2026-04-01
ASH,2012-12-01,
ASNA,2012-12-01,2017-01-01
ATGE,2017-11-01,2021-08-01
ATI,2017-01-01,2021-01-01
ATI,2025-04-01,
ATK,2012-12-01,2015-06-01
ATML,2012-12-01,2017-01-01
ATO,2012-12-01,2021-01-01
ATR,2012-12-01,
ATW,2012-12-01,2016-04-01
AVAV,2025-08-01,
AVNS,2018-11-01,2021-06-01
AVNT,2021-02-01,
AVP,2015-06-01,2018-05-01
AVT,2012-12-01,
AVTR,2024-08-01,
AXON,2021-04-01,2023-06-01
AXTA,2023-04-01,
AYI,2012-12-01,2017-01-01
AYI,2018-08-01,
AZPN,2021-06-01,2025-04-01
AZTA,2022-01-01,2024-12-01
BAH,2026-02-01,
BBBY,2017-09-01,2021-01-01
BBG,2012-12-01,2015-07-01
BBWI,2025-04-01,
BC,2015-06-01,
BCO,2012-12-01,2015-06-01
BCO,2017-10-01,
BDC,2015-06-01,
BEAV,2012-12-01,2017-05-01
BEC,2012-12-01,2013-09-01
BERY,2023-07-01,2025-05-01
BEZ,2012-12-01,2013-09-01
BFH,2022-05-01,2022-12-01
BGC,2013-11-01,2015-06-01
BHF,2019-10-01,
BID,2012-12-01,2019-11-01
BID,2020-11-01,2021-01-01
BIG,2013-09-01,2019-10-01
BILL,2025-01-01,
BIO,2012-12-01,2021-01-01
BIO,2024-10-01,
BIVV,2017-03-01,2018-04-01
BJ,2012-12-01,2013-09-01
BJ,2020-11-01,
BKH,2012-12-01,
BKS,2012-12-01,2013-12-01
BLD,2021-03-01,2026-08-01
BLDR,2021-03-01,2024-01-01
BLKB,2017-08-01,2026-07-01
BLUD,2012-12-01,2013-12-01
BMR,2013-11-01,2017-01-01
BMRN,2024-07-01,
BMS,2015-06-01,2019-10-01
BOBE,2012-12-01,2015-06-01
BOH,2012-12-01,2023-08-01
BR,2012-12-01,2018-08-01
BRBR,2022-04-01,2026-07-01
BRCD,2017-01-01,2018-01-01
BRE,2012-12-01,2013-09-01
BRE,2013-11-01,2015-06-01
BRKR,2022-01-01,
BRKS,2021-03-01,2022-01-01
BRO,2012-12-01,2021-10-01
BROS,2026-02-01,
BRX,2019-10-01,
BSY,2025-11-01,
BTSG,2026-08-01,
BTU,2015-06-01,2017-01-01
BUCY,2012-12-01,2013-09-01
BURL,2023-12-01,
BWA,2012-12-01,2013-09-01
BWA,2026-02-01,
BWLD,2015-06-01,2018-03-01
BWXT,2023-07-01,
BXS,2012-12-01,2021-12-01
BYD,2012-12-01,2013-12-01
BYD,2018-04-01,
BYI,2012-12-01,2015-06-01
CAA,2017-01-01,2018-04-01
CAB,2013-09-01,2017-11-01
CABO,2017-01-01,2024-05-01
CACI,2019-10-01,
CADE,2021-12-01,2026-02-01
CAKE,2012-12-01,2021-01-01
CALX,2022-02-01,2024-04-01
CAR,2016-12-01,
CARS,2017-07-01,2019-11-01
CART,2025-02-01,
CASY,2017-01-01,2026-05-01
CATY,2012-12-01,2023-11-01
CAVA,2025-04-01,
CBB,2012-12-01,2013-09-01
CBOE,2013-09-01,2017-04-01
CBRL,2017-01-01,2023-04-01
CBSH,2012-12-01,
CBST,2013-11-01,2015-06-01
CBT,2012-12-01,
CC,2017-02-01,2025-04-01
CCK,2023-07-01,
CCMP,2020-11-01,2022-08-01
CCP,2017-01-01,2017-10-01
CDAY,2020-11-01,2021-10-01
CDE,2026-07-01,
CDK,2015-06-01,2022-08-01
CDNS,2012-12-01,2017-10-01
CDP,2023-11-01,
CEB,2013-11-01,2017-05-01
CECO,2012-12-01,2013-09-01
CELH,2022-09-01,
CFR,2012-12-01,
CFX,2019-10-01,2022-05-01
CG,2023-12-01,
CGNX,2015-06-01,
CHD,2012-12-01,2017-01-01
CHDN,2017-01-01,
CHE,2018-08-01,
CHFC,2017-01-01,2019-09-01
CHH,2020-11-01,
CHK,2018-05-01,2020-12-01
CHK,2023-09-01,2024-11-01
CHRD,2023-04-01,
CHS,2012-12-01,2017-08-01
CHWY,2024-12-01,
CHX,2021-02-01,2025-08-01
CIEN,2012-12-01,2026-03-01
CIT,2020-12-01,2022-02-01
CIVI,2023-11-01,2026-02-01
CLB,2017-08-01,2021-01-01
CLC,2013-11-01,2017-04-01
CLF,2021-04-01,
CLGX,2012-12-01,2021-07-01
CLH,2012-12-01,
CLI,2012-12-01,2021-01-01
CMA,2025-02-01,2026-02-01
CMC,2012-12-01,
CMD,2018-05-01,2021-07-01
CMG,2012-12-01,2013-12-01
CMP,2012-12-01,2022-03-01
CNC,2015-06-01,2017-01-01
CNH,2024-10-01,
CNK,2013-09-01,2021-09-01
CNL,2012-12-01,2017-01-01
CNM,2023-12-01,
CNO,2015-06-01,
CNQR,2012-12-01,2015-06-01
CNW,2012-12-01,2017-01-01
CNX,2017-01-01,
CNXC,2021-03-01,2026-07-01
COHR,2017-04-01,2022-08-01
COHR,2022-10-01,2026-04-01
COKE,2022-08-01,
COLB,2023-04-01,
COLM,2020-12-01,
CONE,2017-04-01,2022-04-01
COO,2013-11-01,2017-01-01
COR,2017-10-01,2022-01-01
COTY,2021-03-01,2026-07-01
CPE,2017-10-01,2019-11-01
CPO,2012-12-01,2013-09-01
CPRI,2021-03-01,
CPRT,2012-12-01,2018-08-01
CPT,2012-12-01,2022-05-01
CPWR,2013-11-01,2015-06-01
CR,2012-12-01,
CRBG,2026-01-01,
CRC,2015-06-01,2017-01-01
CREE,2012-12-01,2021-12-01
CRI,2013-11-01,2025-02-01
CRK,2012-12-01,2013-12-01
CRL,2012-12-01,2021-06-01
CRNC,2021-08-01,2022-04-01
CROX,2021-07-01,
CRR,2013-09-01,2015-06-01
CRS,2012-12-01,2021-01-01
CRS,2025-02-01,
CRUS,2017-01-01,
CSAL,2015-06-01,2017-05-01
CSC,2017-01-01,2017-05-01
CSL,2012-12-01,
CST,2013-11-01,2017-08-01
CTB,2017-03-01,2018-08-01
CTLT,2017-01-01,2021-01-01
CTRE,2026-04-01,
CUBE,2023-01-01,
CUZ,2012-12-01,2013-09-01
CUZ,2017-01-01,
CVD,2012-12-01,2015-06-01
CVET,2019-10-01,2020-11-01
CVG,2012-12-01,2018-11-01
CVLT,2013-11-01,
CW,2017-01-01,
CXT,2023-05-01,
CXW,2012-12-01,2021-01-01
CY,2013-11-01,2020-12-01
CYH,2012-12-01,2017-01-01
CYN,2012-12-01,2017-01-01
CYT,2012-12-01,2017-01-01
CYTK,2024-04-01,
CZR,2019-10-01,2021-04-01
DAN,2015-06-01,2023-07-01
DAR,2020-12-01,
DBD,2012-12-01,2018-08-01
DBX,2023-07-01,
DCI,2012-12-01,
DCT,2017-01-01,2018-09-01
DDD,2013-09-01,2018-07-01
DDS,2017-03-01,2021-01-01
DECK,2012-12-01,2024-04-01
DEI,2015-06-01,2023-07-01
DF,2013-11-01,2018-05-01
DINO,2022-04-01,
DKS,2012-12-01,
DLB,2023-09-01,
DLPH,2018-01-01,2021-01-01
DLTR,2012-12-01,2013-12-01
DLX,2012-12-01,2021-01-01
DNB,2017-05-01,2019-10-01
DNKN,2015-06-01,2021-01-01
DNOW,2015-06-01,2021-01-01
DNR,2015-06-01,2017-04-01
DO,2017-01-01,2019-10-01
DOC,2021-03-01,2024-04-01
DOCN,2026-05-01,
DOCS,2023-07-01,
DOCU,2024-11-01,
DPL,2012-12-01,2013-12-01
DPZ,2013-11-01,2021-01-01
DRC,2013-11-01,2017-01-01
DRE,2012-12-01,2017-09-01
DRIV,2012-12-01,2013-12-01
DRQ,2012-12-01,2019-10-01
DST,2012-12-01,2018-06-01
DT,2022-10-01,
DTM,2021-08-01,
DUOL,2024-05-01,
DV,2013-11-01,2017-11-01
DWA,2012-12-01,2017-01-01
DY,2017-01-01,2023-04-01
DY,2026-02-01,
DYN,2012-12-01,2013-12-01
EAT,2012-12-01,2021-01-01
EBS,2021-03-01,2022-01-01
EDR,2016-12-01,2018-11-01
EEFT,2022-03-01,
EGN,2012-12-01,2019-10-01
EGP,2019-10-01,
EHC,2018-02-01,
EK,2012-12-01,2013-12-01
ELAN,2025-10-01,
ELF,2024-02-01,
ELS,2023-09-01,
ELY,2021-07-01,2022-10-01
EME,2016-12-01,2025-11-01
ENDP,2012-12-01,2015-06-01
ENDP,2017-04-01,2018-08-01
ENH,2017-01-01,2017-05-01
ENOV,2022-05-01,2025-02-01
ENR,2012-12-01,2023-11-01
ENS,2017-01-01,
ENSG,2024-11-01,
ENTG,2025-04-01,
ENV,2021-07-01,2023-12-01
EPC,2017-01-01,2021-04-01
EPR,2017-01-01,
EQH,2024-01-01,
EQIX,2012-12-01,2015-06-01
EQT,2019-10-01,2022-11-01
EQY,2012-12-01,2017-04-01
ERI,2018-09-01,2021-01-01
ERIE,2023-09-01,2024-10-01
ESAB,2022-05-01,
ESI,2012-12-01,2013-09-01
ESL,2013-11-01,2019-10-01
ESNT,2021-03-01,
ESS,2012-12-01,2015-06-01
ESV,2017-01-01,2019-09-01
ETRN,2019-10-01,2024-08-01
ETSY,2019-11-01,2021-01-01
EV,2012-12-01,2021-04-01
EVR,2018-05-01,
EW,2012-12-01,2013-12-01
EWBC,2012-12-01,
EXBD,2012-12-01,2013-11-01
EXE,2024-11-01,2025-04-01
EXEL,2018-08-01,
EXH,2012-12-01,2013-12-01
EXLS,2022-11-01,
EXP,2013-12-01,
EXPO,2023-04-01,
EXR,2013-12-01,2017-01-01
FAF,2012-12-01,
FBHS,2013-12-01,2017-01-01
FBIN,2023-01-01,
FCFS,2019-11-01,
FCN,2012-12-01,2017-09-01
FCN,2020-11-01,
FCS,2012-12-01,2017-01-01
FDS,2012-12-01,2022-01-01
FEIC,2015-06-01,2017-01-01
FFIN,2019-10-01,
FHI,2020-09-01,2020-11-01
FHI,2021-02-01,
FHN,2013-12-01,
FICO,2012-12-01,2023-04-01
FII,2013-12-01,2020-09-01
FII,2020-11-01,2021-02-01
FIVE,2018-06-01,
FIX,2024-01-01,2026-02-01
FL,2012-12-01,2017-01-01
FL,2019-10-01,2023-11-01
FLEX,2024-12-01,2026-07-01
FLG,2025-02-01,
FLO,2012-12-01,2026-06-01
FLR,2019-10-01,
FLS,2021-04-01,
FMER,2012-12-01,2017-01-01
FN,2024-10-01,
FNB,2017-01-01,
FND,2023-11-01,
FNF,2012-12-01,2015-06-01
FNF,2023-11-01,
FNFG,2012-12-01,2016-09-01
FOSL,2012-12-01,2013-12-01
FOSL,2017-01-01,2017-04-01
FOUR,2024-12-01,
FOXF,2021-03-01,2024-05-01
FR,2017-01-01,
FRT,2012-12-01,2017-01-01
FSLR,2017-04-01,2023-01-01
FST,2012-12-01,2013-12-01
FTI,2025-10-01,
FTNT,2015-06-01,2018-11-01
FTO,2012-12-01,2013-12-01
FTR,2017-04-01,2018-01-01
FULT,2012-12-01,2023-07-01
FYBR,2022-11-01,2026-02-01
G,2021-07-01,
GAP,2024-09-01,
GAS,2013-02-01,2013-09-01
GATX,2017-01-01,
GBCI,2021-01-01,
GDDY,2023-11-01,2024-07-01
GDI,2012-12-01,2013-12-01
GDOT,2019-10-01,2020-12-01
GEF,2012-12-01,
GEO,2017-04-01,2021-01-01
GES,2012-12-01,2017-01-01
GGG,2012-12-01,
GHC,2015-06-01,
GHL,2012-12-01,2015-06-01
GLPI,2023-11-01,
GMCR,2012-12-01,2015-06-01
GME,2017-01-01,2021-01-01
GME,2021-09-01,
GMED,2017-01-01,
GMT,2012-12-01,2015-06-01
GMT,2015-07-01,2017-01-01
GNRC,2020-12-01,2021-04-01
GNTX,2012-12-01,2015-06-01
GNTX,2015-07-01,
GNW,2017-01-01,2021-06-01
GO,2021-03-01,2024-07-01
GPK,2023-07-01,
GPN,2012-12-01,2015-06-01
GPN,2015-07-01,2017-01-01
GPOR,2015-06-01,2019-10-01
GPRO,2012-12-01,2013-12-01
GPS,2022-03-01,2024-09-01
GRUB,2019-10-01,2021-07-01
GT,2019-10-01,2026-08-01
GTLS,2022-04-01,2026-08-01
GTM,2025-07-01,2026-04-01
GVA,2012-12-01,2020-11-01
GWR,2013-12-01,2020-09-01
GWR,2020-11-01,2020-12-01
GWRE,2025-02-01,
GWRS,2020-09-01,2020-11-01
GXO,2021-09-01,
GXP,2012-12-01,2018-08-01
H,2023-11-01,
HAE,2018-08-01,
HAIN,2015-06-01,2022-11-01
HALO,2021-03-01,
HANS,2012-12-01,2013-12-01
HBHC,2013-12-01,2018-12-01
HBI,2012-12-01,2015-06-01
HBI,2022-01-01,2023-04-01
HCC,2012-12-01,2017-01-01
HCSG,2018-03-01,2021-10-01
HE,2012-12-01,2023-11-01
HELE,2017-01-01,2024-10-01
HFC,2013-12-01,2018-08-01
HFC,2021-07-01,2022-04-01
HGV,2023-04-01,
HHS,2012-12-01,2013-12-01
HII,2013-12-01,2018-03-01
HIMS,2025-04-01,
HIW,2012-12-01,2023-11-01
HL,2026-02-01,
HLI,2024-01-01,
HLNE,2024-10-01,
HLS,2017-01-01,2018-02-01
HLX,2012-12-01,2017-01-01
HMA,2012-12-01,2015-06-01
HME,2013-12-01,2017-01-01
HMSY,2013-12-01,2017-01-01
HNI,2012-12-01,2021-04-01
HNT,2012-12-01,2017-01-01
HOG,2021-01-01,
HOLX,2012-12-01,2016-12-01
HOMB,2017-07-01,
HPP,2021-01-01,2022-10-01
HPT,2012-12-01,2020-04-01
HPT,2020-11-01,2021-02-01
HQY,2018-11-01,
HR,2017-01-01,
HRB,2021-03-01,
HRC,2012-12-01,2022-01-01
HSC,2012-12-01,2017-01-01
HSH,2013-12-01,2015-06-01
HSIC,2012-12-01,2015-06-01
HSNI,2013-09-01,2018-02-01
HTSI,2013-12-01,2015-06-01
HTZ,2023-04-01,2024-07-01
HUB.B,2015-06-01,2017-01-01
HUBB,2012-12-01,2015-06-01
HUBB,2017-01-01,2023-11-01
HWC,2018-12-01,
HXL,2021-01-01,
HYH,2015-06-01,2018-11-01
IAA,2021-03-01,2023-04-01
IART,2018-08-01,2024-07-01
IBKR,2018-02-01,2019-02-01
IBKR,2019-10-01,2025-10-01
IBOC,2012-12-01,
ICUI,2018-05-01,2023-12-01
IDA,2012-12-01,
IDCC,2013-12-01,2021-05-01
IDCC,2026-04-01,
IDTI,2012-12-01,2019-10-01
IDXX,2012-12-01,2017-02-01
IESC,2026-08-01,
IEX,2012-12-01,2019-10-01
IIVI,2019-11-01,2022-10-01
ILG,2017-10-01,2018-10-01
ILMN,2024-07-01,
IM,2012-12-01,2017-01-01
INCR,2017-05-01,2018-05-01
INFA,2012-12-01,2017-01-01
INGR,2013-12-01,
INT,2013-12-01,2021-09-01
IPGP,2015-06-01,2018-04-01
IPGP,2022-07-01,
IPI,2012-12-01,2015-06-01
IRDM,2021-05-01,2026-02-01
IRF,2012-12-01,2015-06-01
IRT,2022-06-01,
ISCA,2012-12-01,2019-11-01
ISCA,2020-11-01,2021-01-01
ISIL,2012-12-01,2017-03-01
IT,2012-12-01,2017-05-01
ITRI,2012-12-01,2017-01-01
ITT,2013-09-01,
JACK,2016-12-01,2022-03-01
JAH,2013-09-01,2017-01-01
JAZZ,2021-03-01,
JBGS,2017-08-01,2023-04-01
JBHT,2012-12-01,2017-01-01
JBL,2015-06-01,2024-01-01
JBLU,2012-12-01,2023-11-01
JCG,2012-12-01,2013-09-01
JCOM,2017-01-01,2021-11-01
JCP,2015-06-01,2017-07-01
JDSU,2015-06-01,2017-01-01
JEF,2012-12-01,2013-09-01
JEF,2019-11-01,
JHG,2017-07-01,2026-08-01
JKHY,2012-12-01,2019-10-01
JLL,2012-12-01,
JNS,2013-09-01,2017-07-01
JOY,2017-01-01,2017-05-01
JOYG,2012-12-01,2013-09-01
JW.A,2015-06-01,2023-01-01
JWA,2012-12-01,2013-09-01
JWA,2013-12-01,2015-06-01
JWN,2021-01-01,2025-06-01
KAR,2019-11-01,2022-01-01
KATE,2015-06-01,2017-08-01
KBH,2012-12-01,
KBR,2012-12-01,
KCI,2012-12-01,2013-09-01
KD,2021-12-01,
KEX,2012-12-01,
KEYS,2015-06-01,2018-12-01
KFY,2012-12-01,2013-09-01
KLXI,2015-06-01,2018-10-01
KMPR,2013-09-01,2026-04-01
KMT,2012-12-01,2023-04-01
KN,2015-06-01,2018-06-01
KND,2012-12-01,2013-09-01
KNF,2023-08-01,
KNSL,2021-03-01,
KNX,2017-08-01,
KRC,2013-09-01,
KRG,2021-11-01,
KRYS,2026-08-01,
KSS,2021-03-01,2023-11-01
KSU,2012-12-01,2013-09-01
KTOS,2025-11-01,
KWK,2012-12-01,2013-09-01
LAD,2021-03-01,
LAMR,2012-12-01,
LANC,2012-12-01,2025-09-01
LDOS,2013-12-01,2019-10-01
LEA,2020-11-01,
LECO,2012-12-01,
LEG,2022-01-01,2024-07-01
LFUS,2017-01-01,
LGND,2018-12-01,2021-10-01
LHCG,2020-12-01,2023-03-01
LHO,2015-06-01,2019-10-01
LII,2012-12-01,2025-01-01
LITE,2018-05-01,2026-04-01
LIVN,2017-01-01,
LKQ,2013-12-01,2017-01-01
LKQX,2012-12-01,2013-09-01
LM,2017-01-01,2021-01-01
LNCE,2017-01-01,2018-05-01
LNCR,2012-12-01,2013-09-01
LNT,2012-12-01,2017-01-01
LNTH,2022-11-01,
LNW,2022-05-01,2025-12-01
LOGM,2017-03-01,2020-12-01
LOPE,2020-11-01,
LPNT,2012-12-01,2019-10-01
LPS,2012-12-01,2015-06-01
LPT,2015-06-01,2020-12-01
LPX,2012-12-01,
LRCX,2012-12-01,2013-09-01
LRY,2012-12-01,2015-06-01
LSCC,2021-05-01,
LSI,2017-01-01,2023-09-01
LSTR,2012-12-01,
LTM,2012-12-01,2015-07-01
LW,2017-01-01,2019-10-01
LXK,2013-12-01,2017-01-01
LYV,2015-06-01,2020-11-01
LZ,2012-12-01,2013-12-01
M,2022-01-01,
MAA,2015-06-01,2017-01-01
MAC,2012-12-01,2013-09-01
MAC,2020-11-01,2023-07-01
MAN,2012-12-01,2025-11-01
MANH,2015-07-01,
MANT,2012-12-01,2015-06-01
MASI,2012-12-01,2015-06-01
MASI,2017-04-01,2026-07-01
MAT,2019-10-01,
MATW,2012-12-01,2015-06-01
MATX,2013-12-01,2015-06-01
MBFI,2016-09-01,2019-10-01
MCRS,2012-12-01,2015-06-01
MCY,2012-12-01,2022-10-01
MD,2012-12-01,2021-01-01
MDC,2012-12-01,2017-01-01
MDP,2013-12-01,2021-01-01
MDR,2018-08-01,2019-11-01
MDRX,2012-12-01,2021-01-01
MDSO,2017-07-01,2020-11-01
MDU,2012-12-01,2024-11-01
MEDP,2021-03-01,
MENT,2012-12-01,2017-05-01
MHK,2012-12-01,2015-06-01
MIDD,2021-01-01,
MIK,2017-05-01,2019-11-01
MIME,2021-09-01,2022-06-01
MKSI,2018-01-01,
MKTX,2017-01-01,2019-10-01
MLHR,2012-12-01,2021-12-01
MLI,2024-12-01,
MLKN,2021-12-01,2022-11-01
MLM,2012-12-01,2015-06-01
MMS,2015-06-01,
MNK,2013-12-01,2015-06-01
MNK,2017-09-01,2019-11-01
MODG,2022-10-01,2024-01-01
MOG.A,2026-04-01,
MOH,2017-01-01,2022-04-01
MOH,2026-08-01,
MORN,2023-11-01,
MP,2022-08-01,2024-10-01
MP,2025-11-01,
MPW,2017-01-01,2024-04-01
MPWR,2017-01-01,2021-04-01
MRCY,2019-11-01,2020-11-01
MRCY,2021-03-01,2023-09-01
MRX,2012-12-01,2013-12-01
MSA,2012-12-01,
MSCC,2016-04-01,2018-08-01
MSCI,2012-12-01,2018-05-01
MSM,2012-12-01,
MTD,2012-12-01,2017-01-01
MTDR,2017-07-01,2021-01-01
MTDR,2022-05-01,
MTG,2021-03-01,
MTN,2023-11-01,
MTSI,2022-09-01,
MTX,2012-12-01,2022-10-01
MTZ,2019-01-01,
MUR,2017-09-01,
MUSA,2013-12-01,
MWW,2013-12-01,2015-06-01
MZTI,2025-09-01,
NAL,2012-12-01,2013-09-01
NARI,2022-06-01,2024-04-01
NATI,2012-12-01,2023-11-01
NAVI,2018-08-01,2023-07-01
NBIX,2021-05-01,
NBR,2015-06-01,2019-10-01
NCI,2012-12-01,2013-09-01
NCR,2012-12-01,2023-11-01
NDSN,2012-12-01,2022-03-01
NE,2017-01-01,2017-06-01
NEOG,2021-03-01,2025-04-01
NEU,2012-12-01,
NFG,2012-12-01,
NGVT,2019-10-01,2023-07-01
NHP,2012-12-01,2013-12-01
NJR,2017-01-01,
NKTR,2019-11-01,2020-11-01
NKTR,2021-01-01,2022-01-01
NLY,2022-10-01,
NNN,2013-12-01,
NOV,2021-10-01,
NOVT,2022-08-01,
NSA,2021-06-01,2026-08-01
NSP,2019-10-01,2026-02-01
NSR,2012-12-01,2017-10-01
NST,2012-12-01,2013-09-01
NTCT,2017-01-01,2021-12-01
NTNX,2025-11-01,
NUS,2017-04-01,2023-01-01
NUVA,2017-01-01,2023-01-01
NVE,2012-12-01,2015-06-01
NVR,2012-12-01,2019-11-01
NVST,2021-05-01,
NVT,2018-06-01,
NWE,2017-01-01,
NXST,2023-01-01,
NXT,2024-07-01,
NYB,2012-12-01,2013-12-01
NYCB,2013-12-01,2025-02-01
NYT,2012-12-01,
O,2012-12-01,2015-06-01
OA,2015-06-01,2018-08-01
OAS,2018-07-01,2020-11-01
OC,2019-11-01,
OCR,2012-12-01,2017-01-01
ODFL,2015-06-01,2020-11-01
ODP,2012-12-01,2021-01-01
OFC,2012-12-01,2023-11-01
OGE,2012-12-01,
OGS,2015-06-01,
OHI,2012-12-01,
OI,2017-01-01,2021-04-01
OII,2012-12-01,2020-11-01
OIS,2013-12-01,2017-11-01
OKTA,2025-05-01,
OLED,2019-10-01,
OLLI,2018-08-01,
OLN,2012-12-01,
OMCL,2022-08-01,2023-11-01
OMI,2012-12-01,2018-05-01
ONB,2022-03-01,
ONTO,2023-11-01,
OPCH,2021-09-01,
ORA,2022-08-01,
ORI,2012-12-01,
OSG,2012-12-01,2013-09-01
OSK,2012-12-01,
OVV,2023-07-01,
OZK,2018-08-01,
OZRK,2015-07-01,2018-08-01
P,2026-06-01,
PACW,2012-12-01,2013-12-01
PACW,2015-06-01,2023-05-01
PAG,2023-09-01,
PATH,2026-02-01,
PAY,2013-12-01,2018-09-01
PB,2013-09-01,
PBF,2017-05-01,2021-01-01
PBF,2023-01-01,
PBH,2017-01-01,2021-04-01
PBI,2017-04-01,2019-10-01
PCH,2012-12-01,2026-02-01
PCTY,2021-03-01,
PCX,2012-12-01,2013-12-01
PDCE,2022-03-01,2023-09-01
PDCO,2018-05-01,2024-02-01
PDE,2012-12-01,2013-09-01
PEB,2019-10-01,2023-04-01
PEGA,2025-06-01,
PEN,2019-11-01,
PENN,2018-11-01,2021-04-01
PENN,2022-10-01,2024-07-01
PETM,2012-12-01,2013-09-01
PFGC,2021-10-01,
PGNY,2021-05-01,2024-10-01
PII,2012-12-01,
PINS,2026-02-01,
PK,2019-11-01,
PKG,2012-12-01,2017-09-01
PL,2012-12-01,2015-06-01
PLCM,2012-12-01,2017-01-01
PLNT,2023-07-01,
PLT,2012-12-01,2020-11-01
PMTC,2012-12-01,2014-03-01
PNFP,2018-01-01,
PNM,2012-12-01,2025-02-01
PNR,2012-12-01,2013-12-01
PNRA,2012-12-01,2017-08-01
POL,2015-06-01,2021-02-01
POOL,2017-01-01,2021-01-01
POR,2022-07-01,
POST,2013-09-01,
POWI,2022-01-01,2026-02-01
PPC,2019-11-01,
PPDI,2012-12-01,2013-12-01
PR,2023-11-01,
PRAH,2018-08-01,2021-08-01
PRG,2021-03-01,2022-05-01
PRGO,2012-12-01,2013-12-01
PRGO,2021-10-01,2026-02-01
PRI,2013-04-01,
PRSP,2012-12-01,2013-09-01
PRSP,2021-03-01,2021-06-01
PRXL,2017-01-01,2017-11-01
PSB,2019-10-01,2022-08-01
PSN,2024-10-01,
PSS,2012-12-01,2013-09-01
PSTG,2024-02-01,2026-06-01
PTC,2014-03-01,2021-05-01
PTEN,2012-12-01,2021-01-01
PVH,2012-12-01,2013-12-01
PVH,2022-10-01,
PVTB,2017-01-01,2017-07-01
PXP,2012-12-01,2013-12-01
PZZA,2017-01-01,2023-11-01
QCP,2017-01-01,2018-09-01
QDEL,2021-01-01,2024-08-01
QEP,2017-01-01,2019-11-01
QLGC,2012-12-01,2013-09-01
QLYS,2021-01-01,
QRVO,2015-06-01,2015-07-01
QSFT,2012-12-01,2013-09-01
R,2017-08-01,
RAH,2012-12-01,2013-09-01
RAMP,2018-12-01,2022-07-01
RAX,2012-12-01,2017-01-01
RBA,2024-07-01,
RBC,2012-12-01,2022-01-01
RBC,2023-11-01,
RCII,2012-12-01,2017-01-01
RCM,2021-07-01,2024-12-01
RDC,2015-06-01,2019-05-01
RDK,2012-12-01,2013-12-01
RE,2012-12-01,2018-01-01
REG,2012-12-01,2017-04-01
REXR,2021-03-01,
RFMD,2012-12-01,2015-06-01
RGA,2012-12-01,
RGEN,2019-11-01,
RGLD,2013-12-01,
RGS,2012-12-01,2015-06-01
RH,2017-01-01,2017-03-01
RH,2020-12-01,
RIG,2017-09-01,2021-01-01
RJF,2012-12-01,2017-04-01
RKT,2012-12-01,2017-01-01
RLGY,2018-11-01,2019-10-01
RLI,2021-03-01,
RMBS,2024-01-01,
RMD,2012-12-01,2017-09-01
RNR,2015-06-01,
ROIV,2024-04-01,
ROKU,2026-07-01,
ROL,2012-12-01,2021-01-01
ROSE,2013-12-01,2017-01-01
ROVI,2012-12-01,2017-01-01
RPM,2012-12-01,
RRC,2018-08-01,2019-11-01
RRC,2022-04-01,
RRD,2013-12-01,2017-01-01
RRX,2022-01-01,
RS,2012-12-01,
RUN,2021-03-01,2024-04-01
RVBD,2012-12-01,2015-06-01
RXO,2022-12-01,2023-02-01
RYAN,2024-07-01,
RYL,2012-12-01,2013-12-01
RYN,2012-12-01,
SABR,2017-05-01,2023-01-01
SAFM,2017-11-01,2022-08-01
SAIA,2021-09-01,
SAIC,2013-12-01,
SAIL,2021-03-01,2022-09-01
SAM,2015-06-01,
SANM,2026-07-01,
SARO,2026-02-01,
SATS,2025-04-01,2026-04-01
SBH,2017-01-01,2021-01-01
SBNY,2013-12-01,2022-01-01
SBRA,2017-10-01,
SCHL,2012-12-01,2015-06-01
SCI,2012-12-01,
SCOR,2017-01-01,2017-03-01
SEDG,2019-11-01,2020-11-01
SEDG,2021-03-01,2022-01-01
SEIC,2012-12-01,
SF,2015-06-01,
SFD,2012-12-01,2013-12-01
SFG,2012-12-01,2017-01-01
SFM,2017-01-01,
SGI,2025-04-01,
SGMS,2012-12-01,2015-06-01
SGMS,2018-03-01,2022-05-01
SHAW,2012-12-01,2013-04-01
SHC,2022-07-01,
SIG,2013-12-01,2017-01-01
SIG,2018-05-01,2019-11-01
SIGI,2019-11-01,
SIRI,2026-07-01,
SIRO,2015-06-01,2017-01-01
SITM,2022-01-01,2023-07-01
SITM,2026-04-01,
SIVB,2012-12-01,2018-05-01
SIX,2017-11-01,2022-08-01
SKS,2012-12-01,2015-06-01
SKT,2015-06-01,2020-12-01
SKX,2017-01-01,2025-10-01
SLAB,2012-12-01,
SLG,2012-12-01,2015-06-01
SLG,2021-04-01,2023-04-01
SLGN,2012-12-01,
SLH,2012-12-01,2017-01-01
SLM,2015-06-01,
SLXP,2013-12-01,2015-06-01
SM,2012-12-01,2019-10-01
SMCI,2023-01-01,2024-04-01
SMG,2012-12-01,
SMTC,2012-12-01,2017-01-01
SMTC,2019-10-01,2023-01-01
SMTC,2026-07-01,
SN,2026-06-01,
SNH,2012-12-01,2021-01-01
SNPS,2012-12-01,2017-04-01
SNV,2012-12-01,2026-02-01
SNX,2017-01-01,
SOLS,2026-04-01,
SON,2012-12-01,
SPN,2012-12-01,2019-10-01
SPW,2012-12-01,2016-06-01
SPWR,2021-11-01,2023-07-01
SPXC,2016-06-01,2017-01-01
SPXC,2026-02-01,
SR,2021-03-01,
SRC,2019-10-01,2024-02-01
SRCL,2019-10-01,2024-12-01
SRPT,2024-07-01,2025-10-01
SRX,2012-12-01,2013-12-01
SSB,2023-04-01,
SSD,2021-03-01,
ST,2023-11-01,
STAA,2021-05-01,2023-09-01
STAG,2023-06-01,
STE,2012-12-01,2020-11-01
STL,2017-11-01,2022-03-01
STLD,2012-12-01,2023-01-01
STOR,2021-03-01,2023-03-01
STR,2012-12-01,2016-12-01
STRA,2012-12-01,2013-12-01
STRA,2021-01-01,2021-09-01
STRL,2025-12-01,
STWD,2023-04-01,
SUG,2012-12-01,2013-12-01
SUNE,2013-12-01,2017-01-01
SVC,2020-04-01,2020-11-01
SVC,2021-02-01,2021-07-01
SVU,2013-12-01,2017-01-01
SWAV,2022-07-01,2024-07-01
SWI,2013-12-01,2017-01-01
SWKS,2012-12-01,2015-06-01
SWN,2017-05-01,2020-11-01
SWN,2022-08-01,2024-11-01
SWX,2017-01-01,
SXT,2012-12-01,2023-11-01
SYNA,2017-01-01,
SYNH,2018-05-01,2023-11-01
TBL,2012-12-01,2013-12-01
TCB,2012-12-01,2017-11-01
TCBI,2017-05-01,
TCF,2017-11-01,2019-10-01
TCF,2021-03-01,2021-07-01
TCO,2012-12-01,2021-02-01
TDC,2017-08-01,2025-04-01
TDS,2012-12-01,2022-01-01
TDW,2012-12-01,2017-01-01
TDY,2015-06-01,2021-01-01
TECD,2012-12-01,2021-01-01
TECH,2012-12-01,2021-09-01
TER,2015-06-01,2021-01-01
TEX,2012-12-01,
TFX,2012-12-01,2019-10-01
TGI,2013-12-01,2017-03-01
TGNA,2017-07-01,2024-10-01
THC,2017-01-01,
THG,2012-12-01,
THO,2012-12-01,
THOR,2012-12-01,2017-01-01
THS,2015-06-01,2021-10-01
TIBX,2012-12-01,2015-06-01
TIME,2015-06-01,2017-07-01
TIN,2012-12-01,2013-12-01
TKO,2023-11-01,2025-04-01
TKR,2012-12-01,
TLN,2015-07-01,2017-01-01
TLN,2025-10-01,
TMHC,2020-12-01,2026-08-01
TMST,2015-06-01,2017-01-01
TNB,2012-12-01,2013-12-01
TNDM,2021-10-01,2023-04-01
TNL,2021-04-01,
TOL,2012-12-01,
TOST,2026-08-01,
TPH,2017-01-01,2022-06-01
TPL,2024-07-01,2024-12-01
TPX,2013-12-01,2025-04-01
TR,2012-12-01,2022-01-01
TREE,2018-04-01,2021-11-01
TREX,2019-10-01,
TRGP,2021-07-01,2022-11-01
TRH,2012-12-01,2013-12-01
TRIP,2020-11-01,2023-11-01
TRMB,2012-12-01,2021-02-01
TRMK,2012-12-01,2021-09-01
TRN,2012-12-01,2022-07-01
TRU,2025-11-01,
TSCO,2012-12-01,2015-06-01
TTC,2017-01-01,
TTEK,2019-09-01,
TTMI,2026-02-01,
TTWO,2017-04-01,2018-05-01
TUP,2012-12-01,2019-11-01
TW,2012-12-01,2017-01-01
TWLO,2025-09-01,
TWTC,2012-12-01,2015-06-01
TXNM,2025-02-01,
TXRH,2016-12-01,
TYL,2015-06-01,2021-01-01
UA,2012-12-01,2015-06-01
UA,2022-07-01,2026-02-01
UAA,2022-07-01,2026-02-01
UBSI,2017-05-01,
UDR,2012-12-01,2017-01-01
UE,2015-06-01,2022-03-01
UFPI,2023-03-01,
UFS,2013-12-01,2021-05-01
UGI,2012-12-01,
UHS,2012-12-01,2015-06-01
ULS,2026-02-01,
ULTI,2015-06-01,2019-10-01
UMBF,2017-01-01,
UMPQ,2015-06-01,2023-04-01
UNFI,2013-12-01,2021-01-01
UNIT,2017-05-01,2020-12-01
UNM,2021-10-01,
UNT,2012-12-01,2017-01-01
UNVR,2021-01-01,2023-09-01
URBN,2017-04-01,2022-07-01
URI,2012-12-01,2015-06-01
URS,2012-12-01,2015-06-01
USFD,2023-04-01,
UTHR,2012-12-01,
UTIW,2013-12-01,2015-06-01
UTR,2012-12-01,2013-09-01
UVV,2012-12-01,2015-06-01
VAC,2018-10-01,2026-02-01
VAL,2012-12-01,2017-07-01
VAL,2019-09-01,2019-11-01
VAL,2023-04-01,
VC,2018-08-01,
VCI,2013-12-01,2015-06-01
VCLK,2012-12-01,2015-06-01
VFC,2025-04-01,
VIAV,2026-07-01,
VICR,2022-01-01,2023-11-01
VICR,2026-04-01,
VLY,2012-12-01,
VMI,2012-12-01,
VNO,2023-02-01,
VNOM,2024-10-01,
VNT,2021-04-01,
VOYA,2022-01-01,
VRTX,2012-12-01,2013-12-01
VSAT,2017-01-01,2023-04-01
VSCO,2021-09-01,2023-07-01
VSH,2012-12-01,2025-02-01
VSM,2017-01-01,2019-11-01
VSM,2020-11-01,2021-01-01
VST,2023-11-01,2024-06-01
VSTO,2015-06-01,2017-04-01
VSTS,2023-11-01,2024-01-01
VVC,2012-12-01,2019-10-01
VVV,2017-06-01,
VYX,2023-11-01,2024-02-01
WAB,2012-12-01,2019-10-01
WABC,2012-12-01,2015-06-01
WAFD,2013-12-01,2023-04-01
WAL,2024-10-01,
WBMD,2017-01-01,2017-10-01
WBS,2012-12-01,
WCC,2023-07-01,
WCG,2012-12-01,2018-11-01
WCN,2012-12-01,2017-01-01
WDR,2012-12-01,2017-05-01
WEN,2012-12-01,2025-11-01
WERN,2012-12-01,2024-07-01
WETF,2015-07-01,2017-05-01
WEX,2013-12-01,
WFRD,2023-11-01,
WFSL,2012-12-01,2013-12-01
WGL,2012-12-01,2018-08-01
WGOV,2012-12-01,2013-12-01
WH,2021-01-01,
WHR,2024-04-01,
WIN,2015-06-01,2015-07-01
WING,2021-03-01,
WLK,2022-11-01,
WLY,2023-01-01,2023-07-01
WMG,2024-07-01,
WMS,2012-12-01,2015-06-01
WMS,2023-04-01,
WNR,2015-06-01,2017-07-01
WOLF,2021-12-01,2024-10-01
WOOF,2012-12-01,2017-10-01
WOR,2012-12-01,2023-12-01
WPC,2023-12-01,
WPG,2015-06-01,2018-07-01
WPX,2015-06-01,2021-02-01
WR,2012-12-01,2018-08-01
WRB,2012-12-01,2021-01-01
WRC,2012-12-01,2013-12-01
WRI,2012-12-01,2021-09-01
WSM,2012-12-01,2025-04-01
WSO,2012-12-01,
WST,2016-12-01,2021-01-01
WTFC,2017-05-01,
WTR,2012-12-01,2020-04-01
WTRG,2020-04-01,
WTS,2022-03-01,
WTW,2018-10-01,2019-10-01
WU,2022-01-01,2025-11-01
WW,2019-10-01,2021-10-01
WWAV,2013-12-01,2017-05-01
WWD,2013-12-01,
WWE,2018-09-01,2023-11-01
WYND,2018-08-01,2021-04-01
X,2015-06-01,2025-07-01
XEC,2012-12-01,2015-06-01
XEC,2020-12-01,2021-11-01
XLS,2013-12-01,2015-07-01
XPO,2019-10-01,
XRAY,2024-05-01,
XRX,2021-04-01,2023-11-01
Y,2013-09-01,2022-11-01
YELP,2019-10-01,2022-07-01
YETI,2021-06-01,
ZBRA,2012-12-01,2020-11-01
ZD,2021-11-01,2024-10-01
ZI,2023-07-01,2025-07-01
ZION,2024-04-01,
